country,code,region,year,gdp_per_capita,hdi,life_expectancy,literacy_rate,internet_usage_pct,co2_per_capita,fertility_rate,infant_mortality,education_spending_pct,health_spending_pct,gini_index,political_stability,urbanization_rate,unemployment_rate,renewable_energy_pct,access_to_water_pct,maternal_mortality,population
Algeria,DZA,Africa,2010,4228.1,0.4909,72.14,87.32,25.38,1.185,4.528,63.88,5.521,8.038,50.25,0.151,53.42,14.99,39.19,67.62,553.0,260960120
Algeria,DZA,Africa,2011,4374.9,0.4849,72.37,86.1,34.32,1.176,4.416,65.19,5.321,7.755,52.43,0.2402,53.22,10.16,37.6,68.63,551.4,268501465
Algeria,DZA,Africa,2012,4500.8,0.4914,72.45,87.41,33.08,1.145,4.22,64.52,5.152,7.301,44.42,-0.0675,52.5,14.07,43.97,67.39,554.0,276758265
Algeria,DZA,Africa,2013,4649.6,0.493,72.46,87.03,31.79,1.453,4.162,64.55,5.712,7.988,50.39,0.0478,54.45,11.86,43.34,68.68,522.7,285130821
Algeria,DZA,Africa,2014,4744.8,0.4983,72.98,89.22,34.49,1.174,4.333,60.51,5.411,8.0,46.9,0.1721,53.59,11.3,43.23,67.58,524.3,292485149
Algeria,DZA,Africa,2015,4977.9,0.4981,72.64,89.21,41.27,1.441,4.272,60.71,5.629,7.977,46.18,0.4633,54.78,11.69,45.33,70.77,511.4,300630776
Algeria,DZA,Africa,2016,5121.3,0.5005,72.77,88.59,48.94,1.167,4.234,60.81,5.648,7.732,48.7,0.1647,55.39,13.15,50.41,69.77,499.5,309798657
Algeria,DZA,Africa,2017,5306.3,0.5077,72.74,88.71,41.75,1.43,4.236,59.24,5.359,7.243,50.1,-0.1236,55.72,11.2,43.7,70.41,499.2,318471728
Algeria,DZA,Africa,2018,5492.8,0.5102,73.21,88.69,50.17,1.467,4.018,59.74,5.708,7.64,48.69,0.352,56.9,12.52,42.23,72.09,481.0,326397919
Algeria,DZA,Africa,2019,5774.8,0.5169,72.91,90.44,48.71,1.339,4.119,57.08,6.031,7.703,49.19,0.0783,57.96,12.4,47.27,71.46,474.2,335336796
Algeria,DZA,Africa,2020,5570.1,0.51,72.46,91.29,60.56,1.338,4.147,57.42,5.525,8.288,48.18,0.2699,57.67,11.08,49.58,72.47,478.4,345066922
Algeria,DZA,Africa,2021,5681.0,0.5174,73.28,91.4,57.89,1.637,3.993,55.46,5.79,6.999,48.83,0.1244,57.35,12.4,47.26,71.42,467.5,355634989
Algeria,DZA,Africa,2022,5686.3,0.5152,73.31,93.08,62.85,1.329,4.132,55.99,5.473,7.737,48.06,0.1097,58.5,12.01,48.0,74.36,480.6,365490284
Algeria,DZA,Africa,2023,5904.3,0.5187,73.22,92.22,65.11,1.303,3.88,56.09,5.501,8.375,50.34,0.2256,58.74,11.31,48.61,75.5,457.0,377396994
Australia,AUS,Oceania,2010,56169.4,0.8716,83.11,97.67,45.18,17.316,2.15,20.09,7.707,12.296,42.87,1.7896,82.98,9.43,27.09,94.31,141.2,106257972
Australia,AUS,Oceania,2011,57469.1,0.8712,82.69,98.72,47.89,16.638,1.972,19.76,7.448,11.927,39.56,1.6895,82.0,6.23,25.85,93.58,145.1,106902618
Australia,AUS,Oceania,2012,58441.5,0.8827,83.41,98.92,52.88,16.905,2.127,18.93,7.714,12.847,39.68,1.6414,83.66,6.77,22.12,96.29,123.1,107088528
Australia,AUS,Oceania,2013,59722.2,0.8804,82.7,99.47,48.32,16.43,1.964,18.01,7.43,12.254,43.73,2.1006,85.44,9.73,28.61,94.81,130.4,107990784
Australia,AUS,Oceania,2014,60778.8,0.879,83.73,99.9,57.22,18.817,1.957,16.76,7.801,12.451,39.45,1.949,84.34,5.16,24.46,94.87,136.2,108550905
Australia,AUS,Oceania,2015,60910.4,0.8788,83.38,99.85,60.18,14.672,1.931,18.22,7.592,11.915,40.78,1.8356,83.98,8.93,27.65,95.09,106.8,109235469
Australia,AUS,Oceania,2016,61776.9,0.8816,83.09,99.9,63.73,17.753,1.925,14.17,7.559,12.561,39.97,1.8838,85.65,7.01,29.05,95.19,108.6,110033740
Australia,AUS,Oceania,2017,63094.0,0.891,83.26,98.75,69.29,19.456,1.882,13.48,8.329,12.306,41.33,1.6102,84.65,8.7,32.82,97.19,91.0,110691173
Australia,AUS,Oceania,2018,64543.5,0.8943,83.37,99.71,70.8,21.975,1.812,14.26,8.108,12.024,45.65,1.9811,88.27,6.39,35.08,98.94,93.4,111170939
Australia,AUS,Oceania,2019,65897.9,0.8966,83.84,99.9,72.99,19.939,1.741,15.46,6.947,12.828,37.98,1.8714,87.18,9.05,28.26,99.9,73.2,112005791
Australia,AUS,Oceania,2020,62105.5,0.8975,83.79,99.9,79.67,17.376,1.784,11.63,8.085,12.75,37.73,1.6133,87.35,6.87,27.47,99.49,79.7,112695715
Australia,AUS,Oceania,2021,62669.3,0.8986,83.69,99.9,79.2,17.636,1.722,12.29,7.709,12.439,41.65,1.8925,88.0,6.41,34.87,99.62,68.5,113208538
Australia,AUS,Oceania,2022,62801.8,0.9097,83.61,99.9,83.84,20.32,1.476,10.39,7.747,12.889,42.66,1.7955,88.48,6.95,29.52,99.9,53.9,113874884
Australia,AUS,Oceania,2023,64515.7,0.9087,83.68,99.9,86.21,20.006,1.444,10.38,7.537,12.947,43.22,1.9408,89.16,6.13,29.02,99.9,47.0,114267744
Brazil,BRA,Americas,2010,7546.0,0.5522,73.86,88.96,28.45,2.225,4.008,55.26,5.577,9.447,49.49,0.138,59.13,10.18,35.25,70.17,482.3,214943083
Brazil,BRA,Americas,2011,7803.0,0.5499,73.77,89.04,33.14,2.57,3.967,56.63,5.928,8.815,43.8,0.2714,58.17,10.3,43.0,71.03,478.2,219586468
Brazil,BRA,Americas,2012,7996.0,0.5544,73.98,89.98,37.51,2.382,3.93,56.08,5.772,8.853,53.38,-0.0839,59.71,11.47,42.59,73.37,470.4,224170918
Brazil,BRA,Americas,2013,8250.2,0.5619,74.46,89.81,35.98,2.966,3.896,54.33,5.546,9.717,45.52,0.3085,59.84,11.98,41.8,75.58,462.1,228432088
Brazil,BRA,Americas,2014,8516.3,0.5724,75.0,91.44,41.5,2.347,3.827,54.3,5.826,8.658,50.9,0.3916,61.03,12.18,38.71,74.89,448.3,232146653
Brazil,BRA,Americas,2015,8651.6,0.5645,74.29,90.35,41.64,2.448,3.784,51.87,6.595,9.075,46.13,0.5164,60.6,12.66,37.97,75.69,442.9,236075236
Brazil,BRA,Americas,2016,8926.7,0.5706,74.44,93.24,48.44,2.682,3.758,53.19,5.541,8.891,43.15,0.6572,60.01,11.49,45.05,76.19,446.7,240781681
Brazil,BRA,Americas,2017,9107.1,0.5782,75.19,90.94,48.34,2.886,3.711,50.93,6.235,9.017,48.21,0.4436,61.58,12.09,43.13,75.81,433.5,245554175
Brazil,BRA,Americas,2018,9193.2,0.5786,74.9,94.02,49.79,2.509,3.652,50.2,6.452,8.35,46.59,0.6871,62.26,11.27,39.36,76.46,429.5,249803878
Brazil,BRA,Americas,2019,9388.7,0.5794,74.67,92.44,55.52,2.643,3.777,49.12,5.802,8.548,45.81,0.4102,63.21,9.78,44.31,74.96,411.1,254409164
Brazil,BRA,Americas,2020,9012.8,0.5797,75.0,93.72,49.94,2.865,3.589,49.7,6.102,9.266,48.0,0.2765,61.37,10.63,37.94,76.67,409.0,258975894
Brazil,BRA,Americas,2021,9239.8,0.5886,75.3,93.46,66.18,2.295,3.5,46.88,6.008,9.036,49.03,1.2688,61.77,11.67,42.59,77.72,393.0,262861854
Brazil,BRA,Americas,2022,9345.9,0.586,75.08,93.8,62.21,2.343,3.618,47.39,5.561,9.703,44.98,0.8429,62.54,11.52,44.41,77.9,398.2,267513903
Brazil,BRA,Americas,2023,9390.4,0.584,75.14,94.84,67.61,2.406,3.583,46.11,6.406,8.726,49.95,0.3805,63.52,10.08,48.67,78.06,400.0,272495810
China,CHN,Asia,2010,19882.1,0.6436,77.26,91.63,34.72,4.355,3.661,46.01,6.284,9.553,46.63,0.9015,64.56,8.76,38.52,78.5,380.9,142009425
China,CHN,Asia,2011,21965.8,0.6506,76.93,91.74,35.74,4.084,3.419,44.04,6.251,9.958,47.06,0.9868,66.17,12.14,34.49,78.18,365.6,144837033
China,CHN,Asia,2012,23895.6,0.6576,77.09,93.4,36.64,4.218,3.375,42.67,6.49,10.752,48.78,0.6272,67.3,8.41,30.18,79.43,366.0,147450056
China,CHN,Asia,2013,25530.9,0.6646,77.59,93.83,43.53,3.942,3.372,43.29,6.428,10.316,40.83,1.4652,65.94,9.27,34.69,80.22,358.2,150368327
China,CHN,Asia,2014,27785.0,0.6716,77.59,94.19,47.68,3.411,3.254,41.29,5.892,9.685,49.56,0.81,66.65,10.92,32.55,81.52,337.5,152769044
China,CHN,Asia,2015,29957.6,0.6786,78.28,94.19,46.87,3.941,3.09,40.81,7.345,9.628,46.52,0.462,69.54,8.79,33.98,80.82,333.4,155674895
China,CHN,Asia,2016,32430.1,0.6856,77.79,93.89,53.01,3.354,3.209,39.35,6.823,9.391,48.5,1.167,69.34,7.92,36.15,82.46,312.7,158687439
China,CHN,Asia,2017,35034.6,0.6926,77.98,95.21,56.71,4.603,2.933,39.49,6.92,10.278,43.37,1.1765,70.13,11.21,33.98,83.76,300.4,161051393
China,CHN,Asia,2018,38072.1,0.6996,78.95,95.8,54.68,3.636,3.173,35.92,7.317,9.952,44.02,1.2663,72.2,10.63,37.43,86.01,301.1,163746281
China,CHN,Asia,2019,40636.5,0.7066,78.98,96.37,64.07,3.716,2.837,33.62,6.37,10.149,45.75,1.3625,72.03,8.46,33.61,86.22,293.2,167115667
China,CHN,Asia,2020,40972.2,0.7136,79.1,97.85,67.45,3.552,2.91,33.73,5.805,10.519,43.54,0.9827,73.26,7.57,38.87,86.14,263.7,170230640
China,CHN,Asia,2021,44446.8,0.7206,79.12,97.35,75.81,3.883,2.892,32.32,7.072,10.818,45.49,0.4833,74.1,10.83,40.56,87.93,245.6,173297365
China,CHN,Asia,2022,46956.8,0.7276,79.29,97.57,73.15,3.601,2.74,31.57,7.437,10.292,44.51,1.5267,76.54,9.84,38.74,87.71,233.3,176315906
China,CHN,Asia,2023,50247.9,0.7346,79.04,99.9,77.78,3.898,2.663,29.78,7.274,10.187,45.54,1.098,75.05,12.29,41.27,89.89,245.8,179415760
Egypt,EGY,Africa,2010,4315.0,0.4888,72.41,86.33,29.1,1.482,4.33,64.17,5.594,7.491,50.22,0.255,53.9,11.41,36.62,66.87,539.0,148003918
Egypt,EGY,Africa,2011,4442.5,0.4972,72.64,89.87,31.86,1.121,4.302,62.76,5.269,7.796,47.63,0.2307,52.14,13.41,35.18,67.89,528.1,152062928
Egypt,EGY,Africa,2012,4607.9,0.4987,72.41,87.5,33.46,1.302,4.364,62.45,5.81,7.658,51.94,0.0973,53.38,14.63,35.18,67.82,523.4,157112171
Egypt,EGY,Africa,2013,4611.2,0.4999,73.07,89.39,37.81,1.361,4.235,62.31,5.444,7.563,44.39,0.1264,55.62,13.51,41.56,68.13,530.3,161973461
Egypt,EGY,Africa,2014,4809.7,0.5032,73.03,89.85,37.91,1.395,4.363,58.92,5.278,8.424,51.35,0.3106,54.76,10.9,40.3,71.67,510.6,166487703
Egypt,EGY,Africa,2015,4848.9,0.5072,73.16,89.4,32.03,1.433,4.07,58.24,4.847,7.054,49.48,-0.0224,54.39,11.94,39.4,71.67,519.1,171310562
Egypt,EGY,Africa,2016,5055.6,0.5067,73.23,89.01,48.34,1.563,4.134,59.07,5.186,7.629,46.17,0.3003,54.69,12.64,45.42,68.86,516.3,175147931
Egypt,EGY,Africa,2017,5259.2,0.5102,72.66,89.95,49.53,1.488,4.27,58.24,5.834,7.519,49.26,0.5052,57.37,12.0,43.39,70.3,494.5,180348048
Egypt,EGY,Africa,2018,5390.4,0.5193,73.12,91.02,53.19,1.331,4.103,56.26,6.472,8.406,48.23,0.0204,57.44,11.36,50.49,71.04,483.8,184928726
Egypt,EGY,Africa,2019,5479.0,0.519,73.05,90.77,55.75,1.337,4.045,56.67,5.548,8.695,49.33,-0.2042,59.18,12.1,44.32,74.51,472.8,190022892
Egypt,EGY,Africa,2020,5360.5,0.5194,73.5,89.91,55.18,1.401,4.082,56.1,5.253,8.036,46.27,-0.3017,58.77,12.46,47.62,74.88,469.3,195435675
Egypt,EGY,Africa,2021,5497.1,0.5184,73.17,90.23,52.14,1.496,3.872,56.3,5.435,8.396,44.88,0.4001,58.61,12.21,50.44,73.73,452.1,200809538
Egypt,EGY,Africa,2022,5599.8,0.5173,73.04,93.31,56.23,1.426,4.003,55.15,5.448,8.036,47.45,-0.1704,58.7,13.08,50.52,73.0,458.8,206210642
Egypt,EGY,Africa,2023,5853.2,0.5332,73.66,93.37,66.58,1.249,3.923,54.61,5.503,7.776,49.49,0.3369,59.74,11.6,43.06,75.95,460.8,211719767
France,FRA,Europe,2010,41367.0,0.8008,81.38,96.52,37.18,16.343,2.534,29.0,6.77,12.256,40.89,1.7905,76.37,7.65,29.34,89.69,209.0,101791597
France,FRA,Europe,2011,42794.6,0.8022,80.81,95.71,41.69,12.864,2.511,28.8,7.21,11.1,45.35,1.4309,77.75,7.97,28.73,87.73,219.5,103044850
France,FRA,Europe,2012,43082.1,0.8075,81.54,97.38,41.56,12.543,2.322,26.32,7.504,11.393,42.17,1.8978,76.27,9.79,26.67,89.62,199.9,104060520
France,FRA,Europe,2013,44180.5,0.8152,81.54,96.99,47.02,12.815,2.352,23.7,7.116,11.434,41.81,1.4726,79.83,9.17,33.33,88.83,188.7,105119795
France,FRA,Europe,2014,44233.0,0.8154,81.48,97.5,55.65,13.44,2.543,25.05,7.764,11.906,43.24,1.4048,79.82,8.83,27.87,91.24,197.8,106397023
France,FRA,Europe,2015,44715.8,0.8167,81.65,96.85,59.03,13.274,2.238,25.4,7.903,12.189,39.95,2.0158,79.63,10.66,32.21,91.84,182.5,107890565
France,FRA,Europe,2016,45221.9,0.8208,81.41,98.34,60.93,14.411,2.461,23.82,7.828,11.676,46.92,2.2653,80.98,6.96,29.32,92.55,177.8,108965224
France,FRA,Europe,2017,47263.4,0.8331,82.12,98.75,66.6,13.378,2.215,20.34,6.971,12.019,45.43,2.1938,81.02,9.76,35.22,92.86,168.3,110065334
France,FRA,Europe,2018,48363.8,0.829,81.52,99.45,63.26,14.202,2.032,19.9,7.76,11.529,40.91,1.9862,82.0,9.1,31.74,96.79,152.7,111174650
France,FRA,Europe,2019,49703.6,0.8279,81.75,99.48,76.24,13.435,2.124,22.41,7.488,11.648,41.75,1.7626,82.86,9.01,31.64,92.72,122.5,112650004
France,FRA,Europe,2020,46413.5,0.8319,81.74,99.9,73.18,13.777,2.236,20.23,7.496,11.543,43.97,1.7414,83.3,7.32,32.35,95.52,148.6,113885260
France,FRA,Europe,2021,48009.6,0.8389,82.48,99.9,74.16,13.541,2.085,19.68,7.476,11.581,43.38,1.5806,83.82,6.96,31.18,97.02,153.3,114619666
France,FRA,Europe,2022,47562.3,0.8368,82.21,99.9,83.23,13.476,2.242,18.34,7.603,11.939,40.47,1.5855,83.57,7.44,42.45,94.69,142.8,116028985
France,FRA,Europe,2023,48529.2,0.8389,81.88,99.87,82.37,15.684,1.934,18.89,7.841,12.848,45.18,1.9422,84.2,7.93,38.4,97.74,128.5,117250622
Germany,DEU,Europe,2010,48348.2,0.8451,82.44,97.29,40.74,15.412,2.312,23.84,7.456,12.958,39.47,1.6378,80.02,8.32,19.35,92.99,180.7,192425912
Germany,DEU,Europe,2011,49502.4,0.8428,82.47,95.62,41.67,16.423,2.271,22.31,7.648,11.664,42.22,1.9796,81.64,6.69,22.92,91.22,170.8,193770744
Germany,DEU,Europe,2012,50850.5,0.8484,82.64,97.89,42.75,13.012,2.14,21.98,8.011,12.098,48.49,1.3004,81.65,7.28,27.37,94.6,175.7,194569796
Germany,DEU,Europe,2013,51032.1,0.8455,82.34,97.33,51.11,17.382,2.189,21.56,7.644,12.225,40.34,1.7779,82.78,8.54,27.75,93.46,163.8,195574214
Germany,DEU,Europe,2014,53197.9,0.8546,82.07,98.14,53.7,18.413,2.062,20.34,7.922,11.745,43.23,1.7873,83.37,8.54,29.9,93.95,133.3,196941717
Germany,DEU,Europe,2015,54275.7,0.8512,82.63,98.67,57.73,16.641,2.144,19.07,8.058,12.063,42.23,1.8512,82.81,8.71,30.56,94.74,157.0,197691282
Germany,DEU,Europe,2016,55380.3,0.8543,82.47,99.58,56.88,14.751,2.028,18.41,7.663,12.022,45.76,1.4305,83.33,6.69,24.48,95.2,144.4,198968301
Germany,DEU,Europe,2017,55408.0,0.8673,82.98,99.9,67.51,18.955,2.087,18.01,8.02,11.853,44.1,1.5211,84.08,3.89,31.11,95.0,130.3,200211897
Germany,DEU,Europe,2018,57370.6,0.8646,82.32,99.9,73.0,16.234,1.991,17.0,7.117,11.951,46.09,2.093,83.79,6.93,37.22,94.77,114.4,201570795
Germany,DEU,Europe,2019,58762.3,0.8633,82.22,99.9,69.14,16.351,1.902,17.26,7.629,12.829,43.55,1.2698,83.52,7.71,28.88,92.74,128.3,202231742
Germany,DEU,Europe,2020,55963.4,0.8699,82.65,99.9,74.29,14.675,1.896,16.24,8.07,12.137,42.17,2.0397,85.52,8.02,32.44,97.4,98.0,203519003
Germany,DEU,Europe,2021,56320.2,0.8786,83.45,99.9,81.38,17.364,1.943,14.1,7.297,12.371,40.39,1.5583,85.76,10.44,33.06,98.58,83.7,204559241
Germany,DEU,Europe,2022,56761.7,0.8774,83.28,99.9,81.15,17.587,1.821,13.7,7.462,11.568,43.4,1.7719,84.14,7.56,36.98,96.9,85.0,204808697
Germany,DEU,Europe,2023,58873.2,0.8758,82.94,99.9,82.74,18.32,1.794,13.96,7.039,11.782,43.58,1.9467,88.33,9.1,33.68,99.32,85.9,205876687
India,IND,Asia,2010,2085.3,0.4451,70.97,84.49,21.16,0.708,4.606,69.0,4.835,6.847,49.96,-0.3129,50.0,13.48,48.34,65.61,594.6,51629221
India,IND,Asia,2011,2095.0,0.4526,71.21,84.99,27.05,0.642,4.531,68.64,5.354,7.295,53.12,0.022,49.86,11.73,41.0,64.64,588.4,53170010
India,IND,Asia,2012,2095.6,0.459,71.5,86.52,29.83,0.836,4.464,67.53,4.948,7.05,51.41,0.2071,51.7,11.23,40.9,66.2,563.3,54514392
India,IND,Asia,2013,2120.7,0.4483,71.09,86.32,30.2,0.892,4.361,67.7,5.375,6.79,50.54,-0.1455,51.5,16.84,44.48,66.41,569.5,56179033
India,IND,Asia,2014,2129.8,0.4641,71.77,88.08,35.18,0.864,4.475,65.79,5.413,7.321,47.75,-0.0345,53.01,11.9,46.32,68.04,554.3,57857371
India,IND,Asia,2015,2144.7,0.4614,71.6,87.31,39.31,0.862,4.46,64.72,4.632,7.553,48.0,-0.1695,51.22,12.19,50.84,67.8,550.4,59562056
India,IND,Asia,2016,2165.4,0.4622,71.27,88.5,40.61,0.709,4.483,63.57,4.869,7.823,47.05,-0.6688,53.09,12.09,44.66,67.45,552.6,61220056
India,IND,Asia,2017,2180.2,0.4679,71.98,88.78,43.47,0.871,4.467,63.27,5.256,7.244,51.38,0.0263,51.99,12.87,50.35,70.5,536.9,62911892
India,IND,Asia,2018,2199.0,0.4704,71.9,90.49,42.56,0.879,4.413,62.68,5.598,7.819,46.49,0.5068,52.33,10.99,45.8,71.5,531.6,64622749
India,IND,Asia,2019,2198.5,0.4777,71.87,90.87,47.78,0.721,4.295,60.2,5.41,7.534,47.73,0.5756,54.58,13.3,49.88,72.2,512.8,66428923
India,IND,Asia,2020,2147.8,0.4705,71.49,88.87,52.42,0.8,4.483,63.6,5.321,8.229,52.8,-0.1087,52.49,12.09,46.24,70.24,526.6,68092424
India,IND,Asia,2021,2234.5,0.4801,71.82,90.16,53.85,0.763,4.329,59.97,5.319,7.511,48.89,0.209,54.77,13.46,46.81,71.01,501.4,70149587
India,IND,Asia,2022,2243.0,0.4847,72.2,91.33,54.35,0.802,4.147,61.38,5.124,7.285,46.98,0.2379,56.09,13.49,51.23,70.1,496.6,72348265
India,IND,Asia,2023,2271.4,0.482,71.85,91.58,60.49,0.862,4.232,58.6,5.182,7.875,47.2,0.5212,57.14,10.84,54.55,72.16,513.0,74571956
Jordan,JOR,Asia,2010,5612.1,0.5087,72.79,88.57,31.27,1.625,4.251,62.76,5.69,8.0,51.14,0.5887,53.35,10.63,36.31,66.79,525.3,233031003
Jordan,JOR,Asia,2011,5914.1,0.5051,73.01,87.63,32.45,1.571,4.364,61.61,4.979,7.423,49.87,-0.0114,55.63,10.53,42.65,68.22,536.1,236985195
Jordan,JOR,Asia,2012,6058.3,0.5097,72.99,87.91,30.62,1.584,4.327,61.89,5.639,8.361,46.5,0.1024,55.47,11.73,39.47,68.02,500.2,241701936
Jordan,JOR,Asia,2013,6282.5,0.5149,73.0,88.58,35.19,1.566,4.208,59.01,5.967,8.007,47.45,0.1285,56.85,12.8,41.53,69.49,511.9,246387304
Jordan,JOR,Asia,2014,6664.1,0.5133,73.1,88.74,46.15,1.769,4.172,59.57,5.913,8.359,42.36,0.3898,55.98,10.27,44.31,73.2,509.5,250828664
Jordan,JOR,Asia,2015,6835.7,0.5201,73.26,89.03,41.84,1.541,4.194,58.41,5.378,8.032,48.33,0.1893,57.38,11.43,40.48,69.74,493.8,255506961
Jordan,JOR,Asia,2016,7166.8,0.5273,73.44,89.72,45.84,1.498,4.071,56.5,5.469,8.29,46.0,-0.0812,57.83,11.64,43.21,72.65,482.8,259308372
Jordan,JOR,Asia,2017,7450.5,0.526,72.78,89.7,51.21,1.714,3.81,55.5,5.909,7.882,42.59,0.5638,58.44,10.69,47.29,71.62,474.7,264301110
Jordan,JOR,Asia,2018,7856.5,0.5309,73.75,91.49,46.63,1.556,3.965,55.1,5.836,8.646,51.4,0.1941,58.71,12.16,46.03,72.25,485.1,268974911
Jordan,JOR,Asia,2019,8252.1,0.5307,73.99,91.45,50.56,1.546,3.859,55.39,5.628,8.243,51.44,0.2834,58.47,11.39,39.41,74.51,465.6,274567136
Jordan,JOR,Asia,2020,8467.2,0.5321,73.69,90.85,55.8,2.1,4.095,54.86,5.748,7.793,46.66,0.3957,58.63,12.7,50.43,74.58,462.2,279754954
Jordan,JOR,Asia,2021,8717.5,0.5395,73.71,91.57,60.52,1.646,3.903,52.36,5.418,8.926,46.84,0.2706,60.17,10.24,50.28,75.09,447.7,283944395
Jordan,JOR,Asia,2022,8976.2,0.5389,74.32,92.98,66.43,1.866,4.007,52.16,5.941,8.094,44.64,0.7438,59.93,10.27,45.8,74.49,440.6,288971761
Jordan,JOR,Asia,2023,9538.3,0.5466,74.08,93.25,67.51,1.718,3.926,51.09,5.325,7.659,50.92,0.6119,60.83,11.8,50.75,76.14,420.0,294022024
Lebanon,LBN,Asia,2010,9768.0,0.5592,74.9,89.26,35.2,2.837,4.011,55.33,6.2,8.08,48.53,0.296,58.34,12.59,35.57,73.35,469.5,75714415
Lebanon,LBN,Asia,2011,9923.7,0.5708,75.23,88.56,33.11,3.083,3.862,53.58,5.383,8.271,44.01,0.4852,60.41,9.64,37.74,74.23,456.6,77086054
Lebanon,LBN,Asia,2012,10370.3,0.5702,74.72,91.33,36.97,2.19,3.892,52.27,6.079,9.678,50.73,0.5385,59.24,12.69,39.7,73.26,448.9,78187974
Lebanon,LBN,Asia,2013,10785.1,0.5719,74.77,90.88,40.82,3.06,3.863,53.54,6.58,8.053,51.44,0.3923,60.76,10.75,36.42,74.67,455.9,79465895
Lebanon,LBN,Asia,2014,11167.0,0.5663,74.77,90.39,43.91,2.75,3.804,54.41,6.346,8.557,47.63,0.8043,61.14,12.44,38.34,73.32,462.4,81131709
Lebanon,LBN,Asia,2015,11657.6,0.5827,74.83,91.75,48.98,3.196,3.762,53.35,6.209,9.21,47.61,0.3035,60.86,11.23,39.06,73.5,420.0,82688628
Lebanon,LBN,Asia,2016,12096.5,0.5814,74.92,91.53,50.96,2.478,3.626,49.45,5.853,8.1,44.0,0.4517,62.11,9.93,41.63,76.06,429.9,83770368
Lebanon,LBN,Asia,2017,12244.4,0.5857,74.96,92.26,52.12,2.8,3.723,49.37,5.229,9.221,49.6,1.2366,60.46,11.87,35.27,78.73,420.9,85143878
Lebanon,LBN,Asia,2018,12785.6,0.5877,75.23,90.7,56.71,3.009,3.544,48.99,6.395,8.906,43.68,0.2051,64.56,11.03,45.07,79.37,407.2,86550574
Lebanon,LBN,Asia,2019,13176.5,0.5903,75.51,94.12,54.07,3.021,3.677,49.45,5.547,8.986,51.15,0.5287,63.8,11.85,39.51,79.94,408.2,88112934
Lebanon,LBN,Asia,2020,13377.2,0.5915,75.77,92.92,62.28,2.712,3.547,47.68,6.014,9.264,44.48,0.3925,63.92,11.57,38.23,77.27,384.9,89795884
Lebanon,LBN,Asia,2021,13828.6,0.6019,75.82,94.41,63.52,2.495,3.395,45.61,6.466,8.888,46.0,0.4552,64.7,12.82,43.27,78.38,384.2,91490205
Lebanon,LBN,Asia,2022,14012.7,0.5971,75.49,93.14,67.12,2.648,3.638,46.1,5.902,8.777,47.58,0.3444,64.13,11.58,41.66,80.06,391.6,93160577
Lebanon,LBN,Asia,2023,14453.8,0.5959,75.13,94.41,67.26,3.112,3.512,45.69,6.035,8.535,49.53,0.3613,63.89,11.83,47.29,77.65,389.2,94616228
Morocco,MAR,Africa,2010,4461.7,0.4834,71.78,86.4,28.84,1.251,4.379,64.39,5.055,7.442,47.42,0.3467,51.69,12.35,39.83,68.0,561.2,167668522
Morocco,MAR,Africa,2011,4664.9,0.491,72.18,87.34,30.2,1.017,4.382,62.94,5.814,7.387,49.89,0.141,51.83,11.72,41.23,69.02,540.6,172586371
Morocco,MAR,Africa,2012,4935.0,0.4914,72.54,87.22,33.84,1.26,4.332,63.1,5.47,7.749,49.29,-0.1977,53.55,12.42,41.23,69.36,541.0,177071854
Morocco,MAR,Africa,2013,5180.5,0.4974,72.6,87.36,36.13,1.183,4.17,62.67,5.395,6.575,49.6,0.2129,56.2,12.03,44.71,69.8,521.0,182162752
Morocco,MAR,Africa,2014,5436.9,0.4892,72.34,86.24,36.63,1.281,4.228,63.34,5.852,7.264,48.54,0.3799,54.08,10.46,42.2,67.84,539.2,186797732
Morocco,MAR,Africa,2015,5825.5,0.4961,72.54,88.99,40.33,1.417,4.261,61.79,5.506,7.738,51.03,0.3884,53.43,12.02,49.3,69.2,522.7,192138813
Morocco,MAR,Africa,2016,6038.9,0.5029,72.76,89.75,44.07,1.381,4.271,59.01,5.613,7.167,49.24,0.3321,54.52,11.47,43.71,70.88,505.8,197828835
Morocco,MAR,Africa,2017,6331.3,0.5003,72.52,89.51,47.11,1.204,4.255,60.75,5.41,8.171,44.72,-0.5088,56.54,11.49,51.2,70.71,498.6,202908462
Morocco,MAR,Africa,2018,6592.4,0.5039,72.91,90.91,50.06,1.309,4.227,58.14,5.35,8.062,44.38,0.5644,56.62,12.14,40.35,69.92,495.7,209256992
Morocco,MAR,Africa,2019,6767.7,0.5045,73.22,92.14,52.49,1.283,4.113,56.9,5.427,7.671,47.52,0.28,56.79,12.89,44.69,72.63,494.3,215362508
Morocco,MAR,Africa,2020,6890.6,0.5118,73.21,92.16,54.79,1.392,4.186,58.37,5.436,8.356,49.34,0.5158,58.03,12.19,47.83,73.11,485.0,221576774
Morocco,MAR,Africa,2021,7261.6,0.5107,73.3,91.13,55.43,1.361,4.083,56.62,5.825,7.422,45.0,0.619,56.71,10.1,46.39,73.09,475.9,227095094
Morocco,MAR,Africa,2022,7377.8,0.5259,73.66,92.04,62.32,1.259,3.885,56.16,5.255,7.969,49.21,0.0042,59.76,11.32,49.56,75.26,457.9,233285971
Morocco,MAR,Africa,2023,7715.6,0.5244,73.78,93.14,63.93,1.334,3.856,55.09,6.126,7.957,48.48,0.0334,59.04,10.2,47.56,75.38,460.0,239205135
Nigeria,NGA,Africa,2010,2249.1,0.4495,70.97,85.05,23.71,0.899,4.596,68.6,4.732,8.023,55.25,-0.2957,50.96,12.5,45.83,64.97,588.8,255772982
Nigeria,NGA,Africa,2011,2301.8,0.4483,71.18,84.94,30.49,0.894,4.628,69.31,5.018,7.73,50.29,-0.1345,51.07,11.82,35.55,63.39,596.8,262846925
Nigeria,NGA,Africa,2012,2324.6,0.4595,71.48,85.77,28.66,0.78,4.484,66.55,5.62,7.349,50.79,0.0076,50.2,12.51,42.61,66.96,560.9,270477679
Nigeria,NGA,Africa,2013,2322.0,0.4551,71.26,85.07,34.25,0.85,4.489,67.23,5.335,7.904,51.16,-0.0696,49.09,13.65,46.01,67.74,551.8,277533255
Nigeria,NGA,Africa,2014,2392.4,0.4634,71.57,87.73,36.61,0.758,4.393,64.19,5.453,6.887,50.08,0.4982,53.35,10.23,39.83,66.18,548.1,286037424
Nigeria,NGA,Africa,2015,2446.5,0.4635,71.75,86.55,40.09,0.872,4.454,64.9,5.326,6.451,47.73,-0.2702,53.35,12.63,44.5,69.74,537.2,293645606
Nigeria,NGA,Africa,2016,2460.3,0.4724,71.64,88.93,41.52,0.944,4.534,63.61,5.236,7.89,52.57,-0.2214,52.92,13.14,44.51,67.38,544.3,302349652
Nigeria,NGA,Africa,2017,2478.3,0.476,71.94,88.46,47.0,0.847,4.292,64.88,5.489,7.479,48.45,-0.0168,55.01,13.28,43.61,68.77,521.7,311335127
Nigeria,NGA,Africa,2018,2620.8,0.4763,71.55,87.95,46.86,0.919,4.374,62.34,4.943,6.514,49.21,-0.1062,53.05,13.28,41.62,70.33,516.6,320141156
Nigeria,NGA,Africa,2019,2707.8,0.4843,71.52,90.5,51.55,0.942,4.302,60.33,5.671,8.324,45.15,0.4123,54.98,11.4,43.2,70.98,528.2,329364790
Nigeria,NGA,Africa,2020,2528.3,0.4777,71.77,89.25,52.1,0.793,4.174,61.19,5.321,7.608,49.3,0.7549,54.97,11.81,48.2,71.71,518.0,338365401
Nigeria,NGA,Africa,2021,2573.2,0.4847,71.95,89.97,58.52,0.92,4.123,58.71,4.94,7.946,49.96,0.5978,56.21,12.95,54.38,70.2,495.0,348388474
Nigeria,NGA,Africa,2022,2592.5,0.49,72.14,92.18,59.68,0.993,4.077,59.8,5.33,7.436,50.56,0.2685,55.62,14.59,54.44,72.85,500.9,358253475
Nigeria,NGA,Africa,2023,2665.7,0.4884,72.49,91.1,59.45,0.93,4.209,58.29,5.417,7.718,48.37,0.5316,58.19,11.78,47.47,71.85,498.8,368436328
Norway,NOR,Europe,2010,83103.3,0.9568,84.81,98.67,44.2,24.378,1.649,10.11,7.85,12.912,40.93,2.1265,89.47,6.22,25.88,99.9,48.5,199670148
Norway,NOR,Europe,2011,84829.7,0.9596,84.71,99.9,47.96,26.735,1.408,9.67,8.479,12.578,39.55,1.7784,89.55,5.4,22.56,99.85,58.8,200180949
Norway,NOR,Europe,2012,85369.8,0.9717,85.14,99.9,53.86,27.255,1.395,8.1,8.152,13.902,37.68,2.3589,91.18,6.73,23.88,99.81,24.6,201048658
Norway,NOR,Europe,2013,88665.6,0.9657,85.17,99.9,54.38,28.775,1.551,8.29,8.032,13.541,42.21,1.6934,91.07,6.18,25.63,99.9,37.9,202215683
Norway,NOR,Europe,2014,90640.4,0.9721,85.23,99.9,60.41,21.619,1.442,9.54,8.222,13.861,42.13,1.8147,92.19,5.33,22.72,99.9,26.8,202933888
Norway,NOR,Europe,2015,91765.5,0.9825,85.35,99.9,62.24,25.438,1.489,4.78,8.26,14.237,41.58,2.5975,92.02,5.57,20.58,99.9,18.1,204323311
Norway,NOR,Europe,2016,93477.3,0.9836,85.55,99.9,62.94,26.709,1.24,4.23,8.203,14.123,38.84,2.1763,94.58,5.77,22.6,99.9,3.4,205165614
Norway,NOR,Europe,2017,93989.1,0.9764,85.77,99.9,71.89,26.088,1.322,6.74,7.919,13.754,41.64,2.8,91.95,5.53,27.99,99.9,3.1,206719245
Norway,NOR,Europe,2018,95829.2,0.988,85.49,99.9,72.85,27.786,1.328,2.05,8.062,13.518,41.39,2.0824,93.75,5.28,28.15,99.9,2.0,208102656
Norway,NOR,Europe,2019,97691.8,0.9853,85.56,99.9,75.63,30.109,1.329,3.66,8.583,13.985,37.8,2.3429,93.16,4.85,27.89,99.9,2.0,209057623
Norway,NOR,Europe,2020,93454.1,0.988,85.62,99.9,76.82,26.433,1.291,2.22,8.43,13.603,44.42,2.4537,93.51,5.1,27.76,99.9,2.0,210329091
Norway,NOR,Europe,2021,94414.6,0.993,85.88,99.9,84.51,23.048,1.117,2.18,8.889,13.802,38.87,2.8,94.81,4.72,30.17,99.9,2.0,211642565
Norway,NOR,Europe,2022,94366.9,0.995,85.95,99.9,88.1,21.61,1.149,1.3,8.57,13.442,38.82,2.8,96.09,3.24,27.08,99.9,2.0,212771588
Norway,NOR,Europe,2023,95542.8,0.9946,86.14,99.9,90.2,29.222,1.05,1.2,8.466,14.498,36.08,2.0029,96.69,5.29,31.45,99.9,2.0,213731935
Qatar,QAT,Asia,2010,56480.7,0.8689,83.33,96.59,42.24,17.336,2.032,21.24,7.641,12.389,37.4,1.9509,81.93,5.32,29.9,93.81,149.5,31466836
Qatar,QAT,Asia,2011,57190.9,0.8731,82.81,97.6,42.93,20.061,1.938,19.26,7.852,12.282,42.19,1.7888,83.33,6.32,23.44,93.46,142.9,31699718
Qatar,QAT,Asia,2012,58225.1,0.8874,83.05,99.38,47.48,16.572,1.869,17.68,7.498,12.206,41.06,1.686,83.84,4.44,25.37,95.22,113.9,31918159
Qatar,QAT,Asia,2013,59466.2,0.8943,83.72,97.55,53.47,20.7,1.784,16.4,7.678,12.19,44.84,1.7389,84.81,6.19,22.36,95.36,104.2,32081705
Qatar,QAT,Asia,2014,60460.9,0.8769,82.84,99.44,56.64,18.863,2.066,18.65,7.833,12.349,42.5,1.8047,82.36,8.84,28.32,93.77,134.7,32165860
Qatar,QAT,Asia,2015,61578.1,0.8854,83.54,99.9,60.77,18.453,1.866,15.79,8.423,13.328,44.44,1.8058,84.26,10.64,28.94,96.73,105.5,32273792
Qatar,QAT,Asia,2016,62456.1,0.8909,83.26,98.56,65.97,16.881,1.834,15.21,7.827,12.875,41.98,1.8733,86.88,8.03,25.96,95.6,94.0,32481555
Qatar,QAT,Asia,2017,62810.3,0.8913,83.79,99.9,69.8,21.564,1.818,14.69,7.647,12.004,47.15,1.7516,85.47,6.03,27.07,97.04,106.1,32642022
Qatar,QAT,Asia,2018,65515.1,0.8929,83.48,99.9,71.2,17.129,1.775,14.63,8.366,12.811,44.64,1.8305,86.12,4.96,29.9,98.37,88.1,32878893
Qatar,QAT,Asia,2019,67548.8,0.8916,83.22,99.9,71.27,18.683,1.864,13.55,8.025,12.887,41.93,1.5936,86.61,8.53,32.43,96.95,97.3,32996949
Qatar,QAT,Asia,2020,65423.4,0.9064,83.78,99.9,82.24,17.003,1.625,12.88,8.17,12.624,43.52,2.0628,87.23,4.25,29.04,99.9,64.9,33128004
Qatar,QAT,Asia,2021,66437.2,0.9007,83.56,99.9,81.75,19.067,1.706,10.93,7.934,12.732,46.65,1.9309,87.8,7.53,36.12,99.9,68.9,33340721
Qatar,QAT,Asia,2022,66024.5,0.906,84.02,99.9,85.55,20.014,1.731,10.25,7.543,12.278,43.43,2.1638,87.96,9.69,29.13,99.9,72.9,33421719
Qatar,QAT,Asia,2023,65537.2,0.9075,83.67,99.9,88.71,18.921,1.569,11.2,7.513,13.0,41.86,1.9739,88.73,7.31,28.97,99.9,51.9,33646094
Saudi Arabia,SAU,Asia,2010,28638.9,0.6943,78.65,92.68,35.72,7.082,3.101,40.79,6.482,10.156,42.47,0.8748,70.14,9.9,35.23,80.48,329.0,160242769
Saudi Arabia,SAU,Asia,2011,30000.1,0.694,77.96,93.34,41.12,7.571,3.126,38.74,6.305,10.319,41.84,0.9341,69.25,11.05,33.88,82.75,329.7,162169952
Saudi Arabia,SAU,Asia,2012,31535.7,0.6977,78.38,94.16,40.71,6.2,3.099,40.11,6.977,9.462,45.84,1.2326,69.91,10.66,28.46,80.87,324.1,163486254
Saudi Arabia,SAU,Asia,2013,32938.6,0.6959,78.34,93.0,48.15,5.989,2.949,39.51,6.242,9.95,45.61,1.2206,69.72,11.78,33.56,83.95,319.5,165145531
Saudi Arabia,SAU,Asia,2014,34458.7,0.7072,78.81,95.32,48.59,6.837,3.04,36.97,6.384,10.118,41.66,0.7357,72.91,10.86,33.19,84.32,293.8,167185539
Saudi Arabia,SAU,Asia,2015,35862.5,0.7008,78.36,94.06,51.08,6.649,2.904,37.31,6.1,10.74,44.16,1.3293,70.42,8.16,38.5,83.76,319.3,169061810
Saudi Arabia,SAU,Asia,2016,37673.9,0.7092,79.22,94.51,54.64,8.013,2.941,36.61,7.074,10.19,42.9,1.0632,70.81,8.83,36.76,84.84,299.3,170469982
Saudi Arabia,SAU,Asia,2017,39819.4,0.7125,79.04,95.56,56.43,7.529,3.075,34.03,6.065,10.244,47.44,1.1205,71.28,9.55,30.9,86.0,281.4,172306683
Saudi Arabia,SAU,Asia,2018,41232.4,0.7092,79.14,96.56,58.96,7.159,3.049,34.49,6.366,9.848,43.74,1.51,71.85,8.99,37.64,85.39,291.1,173978885
Saudi Arabia,SAU,Asia,2019,42327.9,0.7199,78.86,95.73,62.42,6.914,2.752,33.85,6.792,10.755,44.06,1.296,73.03,8.01,35.77,84.61,282.4,175543340
Saudi Arabia,SAU,Asia,2020,42064.3,0.7285,79.21,97.79,68.13,6.38,2.869,31.97,6.154,10.256,41.82,1.2126,74.53,10.68,43.35,89.83,246.8,177768213
Saudi Arabia,SAU,Asia,2021,44379.5,0.7233,79.5,97.34,71.76,8.255,2.567,32.76,7.094,9.796,45.6,0.9327,74.66,9.21,36.03,88.92,253.2,179891149
Saudi Arabia,SAU,Asia,2022,45157.6,0.7256,79.92,98.32,72.75,7.244,2.734,31.72,6.534,10.827,45.59,0.9442,75.67,7.01,46.03,90.4,263.9,181628145
Saudi Arabia,SAU,Asia,2023,47240.2,0.7382,79.69,98.81,76.33,6.859,2.661,28.92,7.167,10.4,46.92,1.4969,75.97,9.84,41.76,87.64,246.8,183333457
Singapore,SGP,Asia,2010,102983.8,0.9467,84.79,98.94,45.43,19.755,1.808,12.18,8.361,13.411,38.66,2.0911,88.46,6.07,20.09,99.37,65.5,200797849
Singapore,SGP,Asia,2011,107248.8,0.9537,84.46,98.22,50.16,23.078,1.63,9.09,8.862,12.943,41.36,2.2622,90.9,6.71,22.9,99.16,45.0,202240102
Singapore,SGP,Asia,2012,114677.9,0.9607,85.06,99.9,49.62,21.669,1.57,9.65,8.079,13.474,42.2,1.9698,89.75,6.08,29.16,99.23,45.8,203933679
Singapore,SGP,Asia,2013,120768.2,0.9677,85.59,99.9,57.48,22.638,1.56,7.64,8.454,13.088,40.24,2.3807,88.35,5.64,23.19,99.9,28.3,204644041
Singapore,SGP,Asia,2014,130214.0,0.9747,85.38,99.9,57.12,22.211,1.423,7.09,8.335,12.871,40.96,2.0409,93.5,8.41,19.78,99.9,2.1,206143048
Singapore,SGP,Asia,2015,139693.2,0.9817,85.17,99.9,66.44,20.019,1.429,5.51,8.617,14.324,36.29,2.5687,92.69,5.08,23.43,99.9,19.9,207936481
Singapore,SGP,Asia,2016,149188.5,0.9887,85.19,99.9,67.13,20.807,1.273,3.79,8.04,13.112,38.34,2.5604,92.86,7.39,21.14,99.9,2.0,209278781
Singapore,SGP,Asia,2017,160343.7,0.995,85.76,99.9,70.74,19.895,1.234,3.23,9.118,13.767,40.11,2.4975,93.52,3.99,23.86,99.9,2.0,209949376
Singapore,SGP,Asia,2018,171745.1,0.995,85.38,99.9,72.53,25.763,1.258,2.96,8.508,13.371,36.89,2.6563,96.15,6.87,24.13,99.9,2.0,211425212
Singapore,SGP,Asia,2019,182504.0,0.995,85.69,99.9,77.72,17.333,1.248,1.52,8.428,13.591,39.55,2.7312,93.71,4.11,26.76,99.9,2.0,212274380
Singapore,SGP,Asia,2020,186095.4,0.995,85.96,99.9,83.62,20.253,1.09,1.2,8.148,13.569,42.05,2.2533,96.09,6.41,32.66,99.9,2.0,213590421
Singapore,SGP,Asia,2021,200586.6,0.995,85.35,99.9,82.72,22.485,1.115,1.2,8.272,14.328,40.19,2.4329,94.93,6.02,25.07,99.9,2.0,214984708
Singapore,SGP,Asia,2022,213307.5,0.995,85.95,99.9,89.12,22.511,1.144,2.17,8.924,13.75,41.73,1.9669,95.94,4.54,28.26,99.9,2.0,216590609
Singapore,SGP,Asia,2023,228740.4,0.995,85.53,99.9,95.59,24.02,1.146,1.2,8.666,13.473,39.43,2.1696,96.87,7.0,29.5,99.9,2.0,217535780
Somalia,SOM,Africa,2010,221.0,0.3581,68.26,82.05,22.53,0.185,5.171,78.97,4.389,6.589,50.47,-0.6359,42.62,15.41,48.07,57.88,693.8,133208705
Somalia,SOM,Africa,2011,215.7,0.3671,67.59,81.69,28.75,0.192,5.232,76.68,4.517,6.293,50.69,-0.0935,43.61,14.45,41.84,59.68,668.0,136976749
Somalia,SOM,Africa,2012,212.2,0.3643,68.34,84.41,28.63,0.19,5.162,76.86,4.563,6.246,52.23,-0.4425,43.23,14.9,44.45,61.08,658.7,140506924
Somalia,SOM,Africa,2013,205.3,0.3718,68.1,83.56,34.3,0.219,5.272,76.54,4.933,6.071,51.85,-0.7004,45.45,12.57,51.53,58.86,655.2,144582927
Somalia,SOM,Africa,2014,200.5,0.3778,68.52,84.2,32.69,0.208,5.098,74.66,5.313,6.283,50.46,-0.711,45.56,16.17,48.33,61.61,642.0,148513363
Somalia,SOM,Africa,2015,196.8,0.3761,68.07,84.63,31.48,0.231,4.905,73.95,4.358,6.472,48.32,-0.2548,47.13,15.49,43.17,59.96,649.0,151825598
Somalia,SOM,Africa,2016,194.4,0.3751,68.22,84.09,36.25,0.23,4.922,74.4,5.276,7.167,50.26,-0.3178,44.98,14.42,47.37,61.06,658.1,155636893
Somalia,SOM,Africa,2017,187.6,0.3821,69.0,82.9,35.15,0.245,4.922,73.23,4.399,6.106,50.82,-0.8611,45.8,11.76,50.82,61.69,620.3,159887036
Somalia,SOM,Africa,2018,186.5,0.3769,68.54,83.97,41.19,0.243,5.01,73.4,4.492,6.802,49.3,-0.1536,46.86,13.04,46.32,64.32,636.3,164470373
Somalia,SOM,Africa,2019,184.5,0.3868,68.67,85.71,44.2,0.258,4.853,70.92,4.607,6.687,47.35,-0.7308,47.21,12.74,53.04,61.03,617.2,168778461
Somalia,SOM,Africa,2020,172.5,0.3881,69.27,85.21,45.18,0.274,4.848,71.43,5.002,6.213,55.27,-0.8043,48.92,13.57,53.33,65.35,616.9,172883686
Somalia,SOM,Africa,2021,170.3,0.3938,69.1,86.03,48.72,0.268,4.661,71.01,4.642,5.803,50.92,-0.3706,48.54,13.2,49.03,64.7,610.8,177964239
Somalia,SOM,Africa,2022,165.9,0.4027,69.17,87.91,48.6,0.274,4.609,68.49,4.607,7.623,49.74,-0.0115,48.97,15.85,53.51,67.19,584.5,183301477
Somalia,SOM,Africa,2023,163.8,0.3947,69.12,87.44,49.44,0.293,4.793,70.32,4.584,6.522,50.6,0.089,50.83,11.7,55.07,66.68,592.0,188475945
South Africa,ZAF,Africa,2010,6495.3,0.5197,73.04,86.98,30.6,1.68,4.08,60.16,5.523,8.016,47.58,0.3741,56.38,11.82,41.7,70.0,506.7,90266310
South Africa,ZAF,Africa,2011,6719.5,0.5245,73.12,87.14,32.98,1.751,4.201,59.2,5.187,7.931,53.17,0.2334,56.57,11.91,34.61,71.8,503.3,91841649
South Africa,ZAF,Africa,2012,6959.5,0.5349,73.63,89.03,35.54,2.264,4.059,58.04,5.22,7.861,47.27,0.6715,58.79,12.18,40.26,72.0,484.9,93699696
South Africa,ZAF,Africa,2013,7323.6,0.5348,73.4,90.53,37.43,2.112,4.117,58.56,5.342,7.849,53.32,-0.1189,56.36,11.63,40.14,70.92,491.4,95456264
South Africa,ZAF,Africa,2014,7634.8,0.5351,73.77,90.47,39.93,1.706,4.15,58.37,5.697,8.571,45.02,0.2676,56.12,12.93,36.31,71.49,483.9,97233375
South Africa,ZAF,Africa,2015,8000.3,0.5399,74.16,89.69,46.63,2.176,4.021,55.9,5.311,8.371,51.99,0.0047,59.23,10.96,40.24,71.31,467.0,99160259
South Africa,ZAF,Africa,2016,8295.3,0.5415,74.45,90.94,44.39,1.813,4.096,55.06,5.954,8.375,49.18,0.7284,58.97,12.48,43.06,72.68,471.4,100977282
South Africa,ZAF,Africa,2017,8612.4,0.5478,73.98,91.1,51.59,1.997,3.906,54.57,5.392,7.916,44.65,0.423,60.32,12.35,46.12,75.8,458.0,102784182
South Africa,ZAF,Africa,2018,8828.3,0.5429,73.92,91.31,51.14,1.77,3.924,53.72,6.176,8.621,48.98,0.2099,59.53,12.33,42.66,72.21,463.7,104624593
South Africa,ZAF,Africa,2019,9255.9,0.5502,74.33,92.47,50.23,1.91,3.887,52.91,5.7,8.552,48.97,0.5067,59.52,9.7,46.61,74.12,439.8,106684238
South Africa,ZAF,Africa,2020,8848.7,0.5512,74.68,92.23,57.75,1.763,3.919,53.39,5.643,8.14,50.19,0.3173,60.0,10.95,45.67,76.36,443.8,108403413
South Africa,ZAF,Africa,2021,9320.3,0.5491,74.14,90.95,61.83,2.362,3.653,51.12,5.853,8.382,47.21,-0.1155,61.0,12.48,54.38,77.31,429.0,110490921
South Africa,ZAF,Africa,2022,9572.5,0.5608,74.36,94.37,66.5,1.951,3.769,49.98,5.787,8.824,48.97,-0.0607,60.88,10.57,46.83,75.83,411.9,112469149
South Africa,ZAF,Africa,2023,9788.9,0.5635,74.65,94.31,66.41,2.238,3.824,49.17,6.19,8.765,53.37,0.2122,62.29,10.0,43.94,77.98,418.0,114467165
Spain,ESP,Europe,2010,31965.6,0.7369,79.61,93.03,42.91,9.23,2.983,35.94,7.006,10.176,46.59,1.2295,72.7,9.05,29.92,83.04,285.1,27901654
Spain,ESP,Europe,2011,32511.3,0.7408,79.81,95.4,41.8,10.108,2.764,33.65,6.714,11.351,47.69,1.2439,74.03,7.99,29.06,86.68,295.0,28242971
Spain,ESP,Europe,2012,33061.9,0.7479,80.14,95.23,45.92,9.79,2.877,31.75,7.298,11.043,44.2,1.1511,73.43,9.36,34.32,85.02,253.1,28641842
Spain,ESP,Europe,2013,34601.8,0.7561,79.77,96.0,48.19,9.001,2.628,33.03,7.117,11.031,47.39,1.2915,74.9,9.35,32.29,84.93,253.9,28948334
Spain,ESP,Europe,2014,35795.4,0.751,79.85,93.44,53.42,10.624,2.635,31.73,7.513,10.35,45.53,1.1418,74.87,9.05,31.31,87.14,251.5,29250871
Spain,ESP,Europe,2015,36693.9,0.7538,79.74,95.17,51.56,9.902,2.73,32.3,7.39,11.005,46.18,1.4386,74.0,9.41,32.89,86.58,248.7,29530788
Spain,ESP,Europe,2016,37823.6,0.758,79.95,97.01,58.52,9.366,2.731,31.27,6.74,10.511,45.34,1.1465,74.66,10.96,30.58,86.12,233.8,29828984
Spain,ESP,Europe,2017,38964.1,0.7645,80.34,96.69,60.83,10.122,2.571,29.77,6.57,10.273,42.83,1.5345,77.17,7.29,38.42,88.9,216.8,30180389
Spain,ESP,Europe,2018,40412.0,0.7672,80.43,97.89,58.46,10.404,2.631,27.55,6.693,11.214,44.62,0.7997,76.15,9.17,36.74,88.67,221.2,30486430
Spain,ESP,Europe,2019,41416.8,0.7602,80.37,97.76,61.24,8.845,2.674,28.9,6.785,10.975,43.66,1.3517,76.9,7.9,34.06,88.41,220.2,30779007
Spain,ESP,Europe,2020,41103.1,0.7664,79.82,97.67,68.85,8.615,2.494,27.37,7.093,10.415,45.48,1.8138,78.66,8.1,38.35,90.77,214.9,31141891
Spain,ESP,Europe,2021,41694.8,0.7753,80.77,99.9,75.51,10.204,2.661,25.9,7.117,10.487,45.42,1.3318,77.79,7.98,34.4,90.92,190.4,31495998
Spain,ESP,Europe,2022,41602.1,0.7704,80.19,99.18,73.52,11.006,2.418,27.21,6.816,11.327,40.59,1.7613,79.27,8.09,35.31,91.74,190.9,31847033
Spain,ESP,Europe,2023,42494.0,0.7827,80.43,98.67,78.84,11.204,2.445,23.87,6.83,11.322,44.13,1.5967,78.45,8.51,40.78,93.78,176.2,32167967
Tunisia,TUN,Africa,2010,4031.6,0.4915,72.49,87.5,26.78,1.202,4.413,63.14,5.406,7.772,48.29,-0.125,52.55,10.45,40.17,68.42,539.9,79391917
Tunisia,TUN,Africa,2011,4177.2,0.4952,72.62,87.87,29.36,1.181,4.412,62.32,5.715,8.43,50.52,0.1057,52.5,12.25,43.02,67.86,544.2,81768528
Tunisia,TUN,Africa,2012,4314.0,0.487,72.21,87.36,29.49,1.286,4.402,64.35,4.898,8.049,44.67,-0.1625,55.18,12.34,37.98,66.28,530.5,84127982
Tunisia,TUN,Africa,2013,4494.1,0.4902,72.75,86.63,29.89,1.386,4.208,63.91,5.573,7.795,47.93,-0.1254,53.53,11.07,45.42,67.64,537.4,86445769
Tunisia,TUN,Africa,2014,4624.8,0.4952,72.64,87.98,38.68,1.32,4.2,61.94,5.287,7.359,46.64,-0.1805,54.0,12.75,38.3,69.37,527.1,89022429
Tunisia,TUN,Africa,2015,4778.8,0.5092,73.3,89.38,38.1,1.139,4.268,59.33,5.496,7.453,49.81,0.5112,57.29,11.35,44.57,70.51,512.3,91558047
Tunisia,TUN,Africa,2016,5152.9,0.5055,73.07,89.58,42.86,1.221,4.165,59.54,5.979,8.506,52.89,0.0764,56.85,12.27,40.34,68.99,502.7,94067927
Tunisia,TUN,Africa,2017,5461.9,0.5112,73.19,88.39,45.82,1.366,4.13,58.6,5.355,7.649,48.12,0.7496,55.82,11.29,44.24,69.81,498.7,96546809
Tunisia,TUN,Africa,2018,5715.4,0.5083,72.84,91.51,45.57,1.403,4.196,57.78,5.762,7.831,50.64,-0.0841,56.93,11.99,46.7,68.9,488.6,99167726
Tunisia,TUN,Africa,2019,5929.8,0.5195,73.55,91.28,54.98,1.371,3.987,57.15,5.641,7.697,51.43,0.2224,56.83,10.61,47.03,74.18,482.4,101977328
Tunisia,TUN,Africa,2020,5928.0,0.5155,73.19,90.57,56.77,1.36,3.994,56.0,5.232,8.467,47.15,-0.0353,56.92,9.43,52.99,73.16,471.7,104869682
Tunisia,TUN,Africa,2021,6054.9,0.5158,73.38,91.56,59.05,1.206,4.018,56.71,6.03,7.534,46.86,0.3627,59.57,12.15,43.84,72.17,475.5,107732623
Tunisia,TUN,Africa,2022,6212.3,0.5229,73.31,92.54,56.62,1.512,3.911,53.75,5.396,8.654,49.98,0.7545,59.22,13.35,46.61,72.79,465.9,110872291
Tunisia,TUN,Africa,2023,6576.8,0.5219,73.48,91.98,63.14,1.503,3.942,53.85,5.293,8.092,46.83,-0.1527,58.07,13.15,48.1,74.76,452.3,114136682
Turkey,TUR,Asia,2010,9354.8,0.5774,75.25,89.69,30.06,3.439,3.757,54.07,5.765,9.065,45.52,0.3836,59.87,12.86,34.31,72.78,443.0,122215138
Turkey,TUR,Asia,2011,9542.2,0.584,75.82,91.07,35.15,3.312,3.717,52.8,5.666,9.38,44.26,0.4593,59.69,12.2,36.95,74.08,433.3,124762952
Turkey,TUR,Asia,2012,9775.5,0.5823,75.43,90.17,40.44,2.845,3.831,53.39,6.237,9.653,46.23,0.9163,61.82,11.07,42.83,74.22,440.7,127482171
Turkey,TUR,Asia,2013,10217.8,0.5875,75.55,89.57,39.89,3.072,3.739,50.95,6.083,8.992,45.22,0.554,61.24,12.4,39.64,74.22,439.0,129774337
Turkey,TUR,Asia,2014,10515.4,0.5869,75.1,91.56,45.2,2.83,3.785,51.39,6.261,8.746,48.98,0.3463,60.18,9.21,37.22,73.57,440.1,131783145
Turkey,TUR,Asia,2015,10817.5,0.5906,75.64,89.99,45.9,2.916,3.81,49.17,6.8,9.404,47.62,0.1558,61.86,11.74,39.71,74.84,428.7,133306062
Turkey,TUR,Asia,2016,11114.7,0.5968,75.91,92.23,52.7,3.116,3.592,50.39,6.543,8.714,45.57,1.0798,62.94,10.84,39.17,78.57,426.5,135596986
Turkey,TUR,Asia,2017,11141.7,0.596,75.57,91.99,53.63,3.067,3.712,49.74,5.992,8.709,46.04,0.5893,63.53,10.31,39.52,77.67,414.5,138046027
Turkey,TUR,Asia,2018,11401.3,0.5938,75.56,91.95,53.68,2.847,3.54,48.61,5.865,9.513,49.91,0.7976,64.07,11.03,45.56,77.23,421.4,140801907
Turkey,TUR,Asia,2019,11543.4,0.6035,75.3,93.69,53.5,3.134,3.599,46.46,5.707,8.906,48.5,0.7009,64.33,9.75,40.84,79.47,389.2,142942095
Turkey,TUR,Asia,2020,11459.7,0.6065,75.59,95.55,58.73,3.353,3.41,46.35,6.19,9.742,46.57,0.9931,65.17,12.94,37.4,79.82,361.8,145567886
Turkey,TUR,Asia,2021,11713.7,0.6093,76.29,94.87,64.25,3.212,3.318,43.98,6.541,9.301,48.85,0.8686,65.96,11.73,40.86,80.52,379.8,148185044
Turkey,TUR,Asia,2022,11644.3,0.6107,76.31,94.1,67.05,3.062,3.449,45.23,5.716,9.633,47.95,0.4075,65.48,12.47,45.42,79.17,364.5,150855264
Turkey,TUR,Asia,2023,11829.8,0.6118,75.86,95.53,71.02,2.885,3.388,44.95,6.722,9.259,45.87,0.4208,66.16,10.61,38.45,78.77,347.3,153765851
USA,USA,Americas,2010,66291.0,0.9175,83.68,98.59,42.51,19.335,1.745,16.14,7.891,12.626,42.67,2.4875,85.84,8.39,22.3,98.7,105.2,25495462
USA,USA,Americas,2011,67715.2,0.9192,84.01,99.31,43.38,21.379,1.819,13.71,7.695,12.514,40.85,1.3699,86.11,8.11,24.0,97.41,76.2,25572574
USA,USA,Americas,2012,68321.0,0.9252,84.42,98.65,49.75,25.315,1.697,12.3,8.008,12.865,40.78,2.1891,86.95,7.65,22.48,95.99,93.3,25645145
USA,USA,Americas,2013,68985.9,0.9259,84.39,99.51,52.36,24.756,1.754,12.95,7.305,13.394,41.74,2.0213,87.13,6.13,21.69,95.77,69.2,25751135
USA,USA,Americas,2014,70896.7,0.9306,84.02,99.32,55.9,26.806,1.629,13.19,8.246,12.864,41.63,2.1813,88.91,8.42,25.24,99.62,82.5,25820413
USA,USA,Americas,2015,72173.4,0.9282,84.09,99.9,61.39,22.377,1.678,12.11,7.924,13.233,43.8,2.1931,88.11,8.0,27.32,99.86,77.7,25886983
USA,USA,Americas,2016,73039.8,0.9288,84.05,99.9,68.84,25.042,1.666,9.63,8.12,12.543,42.14,1.7088,89.07,6.23,26.9,98.92,48.2,26022825
USA,USA,Americas,2017,74089.4,0.936,84.61,99.9,68.11,21.165,1.645,8.58,8.034,13.49,39.47,1.6762,87.86,7.57,29.36,99.9,39.0,26201170
USA,USA,Americas,2018,77282.0,0.9382,84.51,99.9,69.19,24.383,1.524,10.94,8.4,13.188,45.37,2.3231,90.84,5.94,27.15,99.9,49.4,26303855
USA,USA,Americas,2019,79055.3,0.9454,84.84,99.9,75.58,24.698,1.554,7.93,7.91,13.641,38.32,1.8859,91.21,3.65,33.01,99.9,43.7,26434295
USA,USA,Americas,2020,77183.8,0.9416,84.76,99.9,80.78,21.311,1.519,8.72,7.492,13.094,43.26,2.5891,92.44,7.83,34.94,99.9,12.7,26630956
USA,USA,Americas,2021,78979.8,0.9536,84.81,99.9,80.66,18.708,1.448,7.02,8.158,12.337,37.56,2.3132,92.25,8.1,29.88,99.9,17.2,26790358
USA,USA,Americas,2022,79705.0,0.9506,84.82,99.9,89.98,22.762,1.471,3.98,8.255,13.321,38.32,1.9701,92.98,7.32,31.48,99.9,18.5,26962510
USA,USA,Americas,2023,81011.3,0.9577,85.3,99.9,91.79,25.664,1.308,4.83,8.111,12.885,39.89,1.8947,93.52,5.58,26.9,99.9,7.8,27062518
Yemen,YEM,Asia,2010,496.2,0.3867,69.07,82.46,25.59,0.295,5.003,77.71,4.883,6.419,52.19,0.1434,44.92,13.89,43.21,60.17,650.0,247845346
Yemen,YEM,Asia,2011,491.0,0.3937,69.1,82.0,27.33,0.324,5.066,72.92,5.263,6.599,49.46,-0.7896,44.12,12.35,41.61,61.04,654.4,254553296
Yemen,YEM,Asia,2012,509.4,0.3918,68.81,84.17,30.25,0.297,4.976,74.0,4.188,6.685,55.51,-0.6717,46.08,14.87,44.62,59.73,640.9,261550457
Yemen,YEM,Asia,2013,510.4,0.3973,69.3,84.06,30.26,0.308,4.893,73.69,4.799,6.231,53.6,-0.2286,47.28,12.34,45.24,61.3,642.1,269078007
Yemen,YEM,Asia,2014,510.9,0.3968,69.27,83.62,36.29,0.31,4.886,72.59,4.77,6.244,51.51,-0.5888,47.16,13.1,48.22,63.46,624.8,276848665
Yemen,YEM,Asia,2015,512.9,0.4023,69.51,86.19,31.95,0.379,4.682,73.1,4.326,6.601,49.4,0.1378,48.27,12.83,48.5,63.69,623.2,285355957
Yemen,YEM,Asia,2016,514.6,0.4006,69.31,84.75,37.88,0.326,4.805,73.69,5.333,6.843,54.77,-0.3178,47.67,11.93,51.61,65.99,622.7,292015230
Yemen,YEM,Asia,2017,518.4,0.411,69.77,86.37,39.88,0.328,4.76,70.14,4.701,5.945,51.81,-0.3504,49.43,11.43,48.38,64.71,598.8,300752253
Yemen,YEM,Asia,2018,521.1,0.4123,69.42,85.7,41.33,0.36,4.772,70.03,4.603,6.995,52.17,-0.1077,51.43,13.92,51.81,67.49,601.9,310101581
Yemen,YEM,Asia,2019,519.2,0.4176,69.77,88.2,43.96,0.39,4.769,67.61,5.229,7.255,49.53,-0.0616,48.82,15.62,47.26,65.65,584.5,318552649
Yemen,YEM,Asia,2020,471.6,0.4133,69.86,87.9,44.6,0.338,4.586,69.26,5.11,6.599,54.89,0.1197,50.78,12.17,53.56,66.51,580.2,327673303
Yemen,YEM,Asia,2021,467.0,0.4164,69.43,88.22,51.68,0.351,4.624,66.42,5.041,7.265,49.39,-0.3084,52.26,12.11,48.34,66.71,598.1,336705302
Yemen,YEM,Asia,2022,473.0,0.4236,70.34,88.3,56.97,0.376,4.34,64.76,5.001,6.751,49.19,-0.1515,52.28,13.46,53.6,66.31,563.0,346499850
Yemen,YEM,Asia,2023,481.5,0.4183,70.03,89.23,50.58,0.421,4.521,65.76,4.911,7.1,52.66,0.2488,50.27,13.42,54.71,68.23,560.9,356731156
Palestine,PSE,Asia,2010,2860.3,0.474,71.76,85.71,27.51,1.092,4.473,64.82,4.855,7.71,51.15,-0.0772,51.79,11.77,43.33,65.98,558.4,229081847
Palestine,PSE,Asia,2011,2866.7,0.4874,72.36,87.16,30.54,1.123,4.37,64.5,5.756,6.673,50.81,0.011,53.55,12.58,39.91,68.18,546.5,235652741
Palestine,PSE,Asia,2012,2868.0,0.4848,72.66,87.37,30.27,1.044,4.302,64.99,5.588,7.479,42.84,-0.1571,53.48,12.6,42.24,66.15,544.4,242134734
Palestine,PSE,Asia,2013,2899.8,0.4829,71.86,87.52,36.68,1.237,4.465,62.93,5.268,7.849,50.89,-0.0727,52.69,12.77,44.72,67.75,544.6,248728133
Palestine,PSE,Asia,2014,2894.1,0.488,72.62,87.61,41.64,1.198,4.18,60.62,5.355,8.19,51.92,0.1427,53.32,11.64,43.3,70.09,536.1,255694440
Palestine,PSE,Asia,2015,2918.5,0.4912,72.73,87.24,41.31,1.193,4.125,61.42,5.091,7.282,47.43,0.4591,54.46,13.0,39.74,68.66,520.8,262813134
Palestine,PSE,Asia,2016,2913.6,0.4914,72.53,88.71,44.22,1.141,4.308,62.05,5.49,7.505,48.64,-0.2427,54.99,12.85,48.84,71.38,512.2,270314687
Palestine,PSE,Asia,2017,2928.6,0.4955,72.76,89.0,45.12,0.976,4.092,61.05,5.24,6.961,47.71,0.2803,54.33,13.3,43.13,70.03,505.6,278232475
Palestine,PSE,Asia,2018,2900.6,0.5039,72.18,90.51,49.7,1.021,4.127,60.0,5.149,7.626,55.0,0.2587,56.11,11.38,46.36,72.29,481.7,285493351
Palestine,PSE,Asia,2019,2977.6,0.504,72.65,90.14,50.87,1.086,4.123,58.53,4.928,7.535,45.69,-0.1431,56.36,11.69,45.41,74.31,496.8,293074946
Palestine,PSE,Asia,2020,2819.0,0.4986,72.53,90.04,51.41,1.161,4.104,57.36,5.321,7.366,50.76,0.236,56.79,13.19,44.58,72.23,505.1,301466274
Palestine,PSE,Asia,2021,2890.2,0.5058,72.56,90.92,53.77,1.212,4.04,56.14,5.286,7.891,46.81,0.0679,58.11,10.99,44.68,72.9,493.9,309728839
Palestine,PSE,Asia,2022,2853.7,0.5141,72.84,93.25,59.42,0.962,4.05,53.64,5.948,7.992,48.43,0.1896,58.71,11.15,47.75,73.8,448.5,318697437
Palestine,PSE,Asia,2023,2902.8,0.5151,73.44,91.83,62.23,1.263,3.927,54.36,5.139,7.562,48.42,0.3036,57.49,11.88,48.02,75.34,463.1,328033361
